"iso_code"	"year"	"mcv1_coverage"	"is_latest_year"	"country_name"	"who_region"	"income_group"	"world_bank_region"	"total_population"	"pct_rural"	"indicator"	"gdp_2022"	"cases_total"
"AFG"	2022	68	TRUE	"Afghanistan"	"Eastern Mediterranean Region"	"Low income"	"South Asia"	"43372950"	"72.735"	"GDP (current US$)"	NA	8996
"AGO"	2022	37	TRUE	"Angola"	"African Region"	"Lower middle income"	"Sub-Saharan Africa"	"37804634"	"30.718999999999994"	"GDP (current US$)"	1.06783e+11	5742
"ALB"	2022	86	TRUE	"Albania"	"European Region"	"Upper middle income"	"Europe & Central Asia"	"2762825"	"34.620000000000005"	"GDP (current US$)"	18916378861	22
"AND"	2022	98	TRUE	"Andorra"	"European Region"	"High income"	"Europe & Central Asia"	"80341"	"12.253"	"GDP (current US$)"	3352031094	0
"ARE"	2022	98	TRUE	"United Arab Emirates"	"Eastern Mediterranean Region"	"High income"	"Middle East & North Africa"	"9591853"	"11.992000000000004"	"GDP (current US$)"	5.07064e+11	673
"ARG"	2022	83	TRUE	"Argentina"	"Region of the Americas"	"Upper middle income"	"Latin America & Caribbean"	"46799296"	"7.4210000000000065"	"GDP (current US$)"	6.31133e+11	5
"ARM"	2022	95	TRUE	"Armenia"	"European Region"	"Upper middle income"	"Europe & Central Asia"	"2777979"	"36.071"	"GDP (current US$)"	19513474648	606
"ATG"	2022	99	TRUE	"Antigua and Barbuda"	"Region of the Americas"	"High income"	"Latin America & Caribbean"	"94816"	"75.662"	"GDP (current US$)"	1867733333	0
"AUS"	2022	96	TRUE	"Australia"	"Western Pacific Region"	"High income"	"East Asia & Pacific"	"26506632"	"13.25"	"GDP (current US$)"	1.69296e+12	40
"AUT"	2022	95	TRUE	"Austria"	"European Region"	"High income"	"Europe & Central Asia"	"9068574"	"40.181"	"GDP (current US$)"	4.70942e+11	221
"AZE"	2022	93	TRUE	"Azerbaijan"	"European Region"	"Upper middle income"	"Europe & Central Asia"	"10246234"	"42.003"	"GDP (current US$)"	78721058824	13736
"BDI"	2022	89	TRUE	"Burundi"	"African Region"	"Low income"	"Sub-Saharan Africa"	"13591657"	"84.84"	"GDP (current US$)"	3338722828	2725
"BEL"	2022	96	TRUE	"Belgium"	"European Region"	"High income"	"Europe & Central Asia"	"11742661"	"1.7759999999999962"	"GDP (current US$)"	5.83436e+11	94
"BEN"	2022	68	TRUE	"Benin"	"African Region"	"Lower middle income"	"Sub-Saharan Africa"	"14080072"	"49.331"	"GDP (current US$)"	17396792700	829
"BFA"	2022	88	TRUE	"Burkina Faso"	"African Region"	"Low income"	"Sub-Saharan Africa"	"23840247"	"66.834"	"GDP (current US$)"	18820064798	2900
"BGD"	2022	97	TRUE	"Bangladesh"	"South-East Asia Region"	"Lower middle income"	"South Asia"	"174701211"	"58.77"	"GDP (current US$)"	4.60201e+11	597
"BGR"	2022	91	TRUE	"Bulgaria"	"European Region"	"Upper middle income"	"Europe & Central Asia"	"6333999"	"22.962999999999994"	"GDP (current US$)"	90346169915	1
"BHR"	2022	99	TRUE	"Bahrain"	"Eastern Mediterranean Region"	"High income"	"Middle East & North Africa"	"1498712"	"10.001000000000005"	"GDP (current US$)"	44383297872	26
"BHS"	2022	80	TRUE	"Bahamas"	"Region of the Americas"	"High income"	"Latin America & Caribbean"	"415223"	"16.236000000000004"	"GDP (current US$)"	12897400000	0
"BIH"	2022	58	TRUE	"Bosnia and Herzegovina"	"European Region"	"Upper middle income"	"Europe & Central Asia"	"3194378"	"49.292"	"GDP (current US$)"	24473906674	10
"BLR"	2022	98	TRUE	"Belarus"	"European Region"	"Upper middle income"	"Europe & Central Asia"	"9147972"	"18.875"	"GDP (current US$)"	72793457588	188
"BLZ"	2022	81	TRUE	"Belize"	"Region of the Americas"	"Upper middle income"	"Latin America & Caribbean"	"416656"	"53.162"	"GDP (current US$)"	2830507576	0
"BOL"	2022	69	TRUE	"Bolivia"	"Region of the Americas"	"Lower middle income"	"Latin America & Caribbean"	"12567336"	"28.455"	"GDP (current US$)"	44008282878	0
"BRA"	2022	81	TRUE	"Brazil"	"Region of the Americas"	"Upper middle income"	"Latin America & Caribbean"	"217637297"	"11.983999999999995"	"GDP (current US$)"	1.9201e+12	43
"BRB"	2022	85	TRUE	"Barbados"	"Region of the Americas"	"High income"	"Latin America & Caribbean"	"282309"	"68.452"	"GDP (current US$)"	5699950000	0
"BRN"	2022	97	TRUE	"Brunei"	"Western Pacific Region"	"High income"	"East Asia & Pacific"	"455858"	"20.561000000000007"	"GDP (current US$)"	16681536467	1
"BTN"	2022	97	TRUE	"Bhutan"	"South-East Asia Region"	"Lower middle income"	"South Asia"	"792382"	"55"	"GDP (current US$)"	NA	23
"BWA"	2022	90	TRUE	"Botswana"	"African Region"	"Upper middle income"	"Sub-Saharan Africa"	"2719694"	"26.510000000000005"	"GDP (current US$)"	20355541963	51
"CAF"	2022	41	TRUE	"Central African Republic"	"African Region"	"Low income"	"Sub-Saharan Africa"	"5915627"	"55.87"	"GDP (current US$)"	2382618615	1710
"CAN"	2022	92	TRUE	"Canada"	"Region of the Americas"	"High income"	"North America"	"39555364"	"18.019999999999996"	"GDP (current US$)"	2.16148e+12	10
"CHE"	2022	96	TRUE	"Switzerland"	"European Region"	"High income"	"Europe & Central Asia"	"8878451"	"25.673000000000002"	"GDP (current US$)"	8.18427e+11	57
"CHL"	2022	94	TRUE	"Chile"	"Region of the Americas"	"High income"	"Latin America & Caribbean"	"19658839"	"11.884"	"GDP (current US$)"	3.01025e+11	1
"CHN"	2022	99	TRUE	"China"	"Western Pacific Region"	"Upper middle income"	"East Asia & Pacific"	"1411514112"	"34.456"	"GDP (current US$)"	1.79632e+13	1203
"CIV"	2022	65	TRUE	"Ivory Coast"	"African Region"	"Lower middle income"	"Sub-Saharan Africa"	"29603302"	"46.356"	"GDP (current US$)"	70018715017	3564
"CMR"	2022	65	TRUE	"Cameroon"	"African Region"	"Lower middle income"	"Sub-Saharan Africa"	"29394433"	"40.108"	"GDP (current US$)"	43644068311	9356
"COD"	2022	56	TRUE	"Democratic Republic of the Congo"	"African Region"	"Low income"	"Sub-Saharan Africa"	"105625114"	"51.945"	"GDP (current US$)"	64718641221	15151
"COG"	2022	65	TRUE	"Republic of Congo"	"African Region"	"Lower middle income"	"Sub-Saharan Africa"	"6244547"	"30.361999999999995"	"GDP (current US$)"	15816996655	765
"COK"	2022	61	TRUE	"Cook Islands"	"Western Pacific Region"	NA	NA	NA	NA	NA	NA	0
"COL"	2022	88	TRUE	"Colombia"	"Region of the Americas"	"Upper middle income"	"Latin America & Caribbean"	"52340774"	"17.348"	"GDP (current US$)"	3.43622e+11	0
"COM"	2022	86	TRUE	"Comoros"	"African Region"	"Lower middle income"	"Sub-Saharan Africa"	"867605"	"69.582"	"GDP (current US$)"	1242519407	14
"CPV"	2022	95	TRUE	"Cape Verde"	"African Region"	"Lower middle income"	"Sub-Saharan Africa"	"604461"	"31.587999999999994"	"GDP (current US$)"	2226862134	0
"CRI"	2022	90	TRUE	"Costa Rica"	"Region of the Americas"	"Upper middle income"	"Latin America & Caribbean"	"5246714"	"16.833"	"GDP (current US$)"	69243626029	0
"CUB"	2022	99	TRUE	"Cuba"	"Region of the Americas"	"Upper middle income"	"Latin America & Caribbean"	"11174587"	"22.343000000000004"	"GDP (current US$)"	NA	0
"CYP"	2022	86	TRUE	"Cyprus"	"European Region"	"High income"	"Europe & Central Asia"	"1268467"	"32.918000000000006"	"GDP (current US$)"	29250524418	0
"CZE"	2022	97	TRUE	"Czechia"	"European Region"	"High income"	"Europe & Central Asia"	"10686089"	"25.262"	"GDP (current US$)"	2.90566e+11	5
"DEU"	2022	97	TRUE	"Germany"	"European Region"	"High income"	"Europe & Central Asia"	"83610040"	"22.105000000000004"	"GDP (current US$)"	4.08247e+12	124
"DJI"	2022	50	TRUE	"Djibouti"	"Eastern Mediterranean Region"	"Lower middle income"	"Middle East & North Africa"	"1152329"	"21.268"	"GDP (current US$)"	3515108860	273
"DMA"	2022	83	TRUE	"Dominica"	"Region of the Americas"	"Upper middle income"	"Latin America & Caribbean"	"73368"	"27.688000000000002"	"GDP (current US$)"	607440740.7	0
"DNK"	2022	95	TRUE	"Denmark"	"European Region"	"High income"	"Europe & Central Asia"	"5953613"	"11.373999999999995"	"GDP (current US$)"	4.00167e+11	12
"DOM"	2022	91	TRUE	"Dominican Republic"	"Region of the Americas"	"Upper middle income"	"Latin America & Caribbean"	"11434005"	"14.989000000000004"	"GDP (current US$)"	1.13537e+11	0
"DZA"	2022	79	TRUE	"Algeria"	"African Region"	"Lower middle income"	"Middle East & North Africa"	"46278751"	"24.251999999999995"	"GDP (current US$)"	1.94998e+11	31
"ECU"	2022	74	TRUE	"Ecuador"	"Region of the Americas"	"Upper middle income"	"Latin America & Caribbean"	"18377367"	"34.971000000000004"	"GDP (current US$)"	1.15049e+11	0
"EGY"	2022	96	TRUE	"Egypt"	"Eastern Mediterranean Region"	"Lower middle income"	"Middle East & North Africa"	"114484252"	"56.742"	"GDP (current US$)"	4.76748e+11	295
"ERI"	2022	93	TRUE	"Eritrea"	"African Region"	"Low income"	"Sub-Saharan Africa"	"3817651"	"56.089"	"GDP (current US$)"	NA	47
"ESP"	2022	96	TRUE	"Spain"	"European Region"	"High income"	"Europe & Central Asia"	"47678684"	"18.197999999999993"	"GDP (current US$)"	1.4178e+12	19
"EST"	2022	82	TRUE	"Estonia"	"European Region"	"High income"	"Europe & Central Asia"	"1340718"	"29.980999999999995"	"GDP (current US$)"	38100812959	4
"ETH"	2022	56	TRUE	"Ethiopia"	"African Region"	"Low income"	"Sub-Saharan Africa"	"129719719"	"76.339"	"GDP (current US$)"	1.26783e+11	24721
"FIN"	2022	94	TRUE	"Finland"	"European Region"	"High income"	"Europe & Central Asia"	"5561178"	"14.128"	"GDP (current US$)"	2.8265e+11	2
"FJI"	2022	99	TRUE	"Fiji"	"Western Pacific Region"	"Upper middle income"	"East Asia & Pacific"	"943072"	"40.808"	"GDP (current US$)"	4979979546	5
"FRA"	2022	94	TRUE	"France"	"European Region"	"High income"	"Europe & Central Asia"	"68218008"	"17.956000000000003"	"GDP (current US$)"	2.77909e+12	153
"FSM"	2022	69	TRUE	"Micronesia"	"Western Pacific Region"	"Lower middle income"	"East Asia & Pacific"	"116300"	"76.445"	"GDP (current US$)"	4.24e+08	0
"GAB"	2022	52	TRUE	"Gabon"	"African Region"	"Upper middle income"	"Sub-Saharan Africa"	"2484557"	"8.6929999999999978"	"GDP (current US$)"	21071739225	2430
"GBR"	2022	90	TRUE	"UK"	"European Region"	"High income"	"Europe & Central Asia"	"67389856"	"15.116"	"GDP (current US$)"	3.08907e+12	281
"GEO"	2022	90	TRUE	"Georgia"	"European Region"	"Upper middle income"	"Europe & Central Asia"	"3691679"	"38.838"	"GDP (current US$)"	24780791064	87
"GHA"	2022	95	TRUE	"Ghana"	"African Region"	"Lower middle income"	"Sub-Saharan Africa"	"34777522"	"40.146"	"GDP (current US$)"	73766052452	1549
"GIN"	2022	47	TRUE	"Guinea"	"African Region"	"Lower middle income"	"Sub-Saharan Africa"	"14528770"	"61.483"	"GDP (current US$)"	20999229260	493
"GMB"	2022	74	TRUE	"Gambia"	"African Region"	"Low income"	"Sub-Saharan Africa"	"2841803"	"34.92"	"GDP (current US$)"	2187194563	163
"GNB"	2022	75	TRUE	"Guinea-Bissau"	"African Region"	"Low income"	"Sub-Saharan Africa"	"2197149"	"54.107"	"GDP (current US$)"	1633559092	147
"GNQ"	2022	53	TRUE	"Equatorial Guinea"	"African Region"	"Upper middle income"	"Sub-Saharan Africa"	"1754993"	"25.126000000000005"	"GDP (current US$)"	12029633747	276
"GRC"	2022	97	TRUE	"Greece"	"European Region"	"High income"	"Europe & Central Asia"	"10341796"	"19.016000000000005"	"GDP (current US$)"	2.17581e+11	2
"GRD"	2022	76	TRUE	"Grenada"	"Region of the Americas"	"Upper middle income"	"Latin America & Caribbean"	"126887"	"62.733"	"GDP (current US$)"	1215379156	0
"GTM"	2022	83	TRUE	"Guatemala"	"Region of the Americas"	"Upper middle income"	"Latin America & Caribbean"	"17868220"	"46.458"	"GDP (current US$)"	95003330316	0
"GUY"	2022	95	TRUE	"Guyana"	"Region of the Americas"	"High income"	"Latin America & Caribbean"	"819594"	"72.684"	"GDP (current US$)"	14718388489	0
"HND"	2022	77	TRUE	"Honduras"	"Region of the Americas"	"Lower middle income"	"Latin America & Caribbean"	"10759406"	"39.182"	"GDP (current US$)"	31717699764	0
"HRV"	2022	90	TRUE	"Croatia"	"European Region"	"High income"	"Europe & Central Asia"	"3813021"	"41.055"	"GDP (current US$)"	71600049650	4
"HTI"	2022	65	TRUE	"Haiti"	"Region of the Americas"	"Lower middle income"	"Latin America & Caribbean"	"11867030"	"39.528"	"GDP (current US$)"	20253551885	0
"HUN"	2022	99	TRUE	"Hungary"	"European Region"	"High income"	"Europe & Central Asia"	"9308121"	"26.820999999999998"	"GDP (current US$)"	1.77337e+11	4
"IDN"	2022	84	TRUE	"Indonesia"	"South-East Asia Region"	"Upper middle income"	"East Asia & Pacific"	"279798049"	"40.796"	"GDP (current US$)"	1.3191e+12	25717
"IND"	2022	95	TRUE	"India"	"South-East Asia Region"	"Lower middle income"	"South Asia"	"1441719852"	"63.133"	"GDP (current US$)"	3.41665e+12	116867
"IRL"	2022	90	TRUE	"Ireland"	"European Region"	"High income"	"Europe & Central Asia"	"5192718"	"35.239999999999995"	"GDP (current US$)"	5.3314e+11	7
"IRN"	2022	99	TRUE	"Iran"	"Eastern Mediterranean Region"	"Lower middle income"	"Middle East & North Africa"	"89809781"	"22.302000000000007"	"GDP (current US$)"	4.13493e+11	905
"IRQ"	2022	88	TRUE	"Iraq"	"Eastern Mediterranean Region"	"Upper middle income"	"Middle East & North Africa"	"46523657"	"28.147000000000006"	"GDP (current US$)"	2.64182e+11	14965
"ISL"	2022	91	TRUE	"Iceland"	"European Region"	"High income"	"Europe & Central Asia"	"386755"	"5.9060000000000059"	"GDP (current US$)"	28064529851	0
"ISR"	2022	99	TRUE	"Israel"	"European Region"	"High income"	"Middle East & North Africa"	"9842946"	"7.054000000000002"	"GDP (current US$)"	5.25002e+11	29
"ITA"	2022	94	TRUE	"Italy"	"European Region"	"High income"	"Europe & Central Asia"	"58550424"	"27.708"	"GDP (current US$)"	2.04974e+12	59
"JAM"	2022	91	TRUE	"Jamaica"	"Region of the Americas"	"Upper middle income"	"Latin America & Caribbean"	"2824738"	"42.238"	"GDP (current US$)"	17097760724	0
"JOR"	2022	76	TRUE	"Jordan"	"Eastern Mediterranean Region"	"Lower middle income"	"Middle East & North Africa"	"11384922"	"7.7939999999999969"	"GDP (current US$)"	48653381781	157
"JPN"	2022	98	TRUE	"Japan"	"Western Pacific Region"	"High income"	"East Asia & Pacific"	"123673288"	"7.866"	"GDP (current US$)"	4.25641e+12	33
"KAZ"	2022	99	TRUE	"Kazakhstan"	"European Region"	"Upper middle income"	"Europe & Central Asia"	"20079412"	"41.613"	"GDP (current US$)"	2.25496e+11	24625
"KEN"	2022	90	TRUE	"Kenya"	"African Region"	"Lower middle income"	"Sub-Saharan Africa"	"56203030"	"69.951"	"GDP (current US$)"	1.1342e+11	968
"KGZ"	2022	94	TRUE	"Kyrgyzstan"	"European Region"	"Lower middle income"	"Europe & Central Asia"	"7197110"	"61.834"	"GDP (current US$)"	11543966559	9474
"KHM"	2022	83	TRUE	"Cambodia"	"Western Pacific Region"	"Lower middle income"	"East Asia & Pacific"	"17121847"	"73.965"	"GDP (current US$)"	29504829319	24
"KIR"	2022	85	TRUE	"Kiribati"	"Western Pacific Region"	"Lower middle income"	"East Asia & Pacific"	"135763"	"41.552"	"GDP (current US$)"	223353014.3	0
"KNA"	2022	95	TRUE	"Saint Kitts and Nevis"	"Region of the Americas"	"High income"	"Latin America & Caribbean"	"47847"	"68.779"	"GDP (current US$)"	965638864.9	0
"KOR"	2022	97	TRUE	"South Korea"	"Western Pacific Region"	"High income"	"East Asia & Pacific"	"51482304"	"18.501999999999995"	"GDP (current US$)"	1.67392e+12	9
"KWT"	2022	99	TRUE	"Kuwait"	"Eastern Mediterranean Region"	"High income"	"Middle East & North Africa"	"4349380"	"0"	"GDP (current US$)"	1.75363e+11	15
"LAO"	2022	76	TRUE	"Laos"	"Western Pacific Region"	"Lower middle income"	"East Asia & Pacific"	"7736681"	"61.094"	"GDP (current US$)"	15468785204	2
"LBN"	2022	67	TRUE	"Lebanon"	"Eastern Mediterranean Region"	"Lower middle income"	"Middle East & North Africa"	"5219044"	"10.397000000000006"	"GDP (current US$)"	NA	434
"LBR"	2022	79	TRUE	"Liberia"	"African Region"	"Low income"	"Sub-Saharan Africa"	"5536949"	"45.923"	"GDP (current US$)"	4001046970	9312
"LBY"	2022	73	TRUE	"Libya"	"Eastern Mediterranean Region"	"Upper middle income"	"Middle East & North Africa"	"6964197"	"18.093000000000004"	"GDP (current US$)"	45752336036	217
"LCA"	2022	81	TRUE	"Saint Lucia"	"Region of the Americas"	"Upper middle income"	"Latin America & Caribbean"	"180805"	"80.694"	"GDP (current US$)"	2343703704	0
"LKA"	2022	99	TRUE	"Sri Lanka"	"South-East Asia Region"	"Lower middle income"	"South Asia"	"22296324"	"80.584"	"GDP (current US$)"	74403578363	774
"LSO"	2022	81	TRUE	"Lesotho"	"African Region"	"Lower middle income"	"Sub-Saharan Africa"	"2356083"	"69.103000000000009"	"GDP (current US$)"	2236502124	18
"LTU"	2022	87	TRUE	"Lithuania"	"European Region"	"High income"	"Europe & Central Asia"	"2777843"	"31.063999999999993"	"GDP (current US$)"	70974490450	14
"LUX"	2022	99	TRUE	"Luxembourg"	"European Region"	"High income"	"Europe & Central Asia"	"666440"	"7.7339999999999947"	"GDP (current US$)"	81641807866	0
"LVA"	2022	96	TRUE	"Latvia"	"European Region"	"High income"	"Europe & Central Asia"	"1838631"	"31.185000000000002"	"GDP (current US$)"	40932030050	1
"MAR"	2022	99	TRUE	"Morocco"	"Eastern Mediterranean Region"	"Lower middle income"	"Middle East & North Africa"	"38211459"	"34.357"	"GDP (current US$)"	1.30913e+11	169
"MCO"	2022	88	TRUE	"Monaco"	"European Region"	"High income"	"Europe & Central Asia"	"36157"	"0"	"GDP (current US$)"	8784002932	0
"MDA"	2022	84	TRUE	"Moldova"	"European Region"	"Upper middle income"	"Europe & Central Asia"	"2316377"	"56.401"	"GDP (current US$)"	14508333280	3
"MDG"	2022	44	TRUE	"Madagascar"	"African Region"	"Low income"	"Sub-Saharan Africa"	"31056610"	"58.769"	"GDP (current US$)"	15297192799	172
"MDV"	2022	98	TRUE	"Maldives"	"South-East Asia Region"	"Upper middle income"	"South Asia"	"517887"	"57.593"	"GDP (current US$)"	6170638747	6
"MEX"	2022	86	TRUE	"Mexico"	"Region of the Americas"	"Upper middle income"	"Latin America & Caribbean"	"129388467"	"18.138000000000005"	"GDP (current US$)"	1.46585e+12	0
"MHL"	2022	81	TRUE	"Marshall Islands"	"Western Pacific Region"	"Upper middle income"	"East Asia & Pacific"	"42415"	"20.792"	"GDP (current US$)"	258774475.1	0
"MKD"	2022	71	TRUE	"North Macedonia"	"European Region"	"Upper middle income"	"Europe & Central Asia"	"2051616"	"40.132"	"GDP (current US$)"	13563132102	1
"MLI"	2022	70	TRUE	"Mali"	"African Region"	"Low income"	"Sub-Saharan Africa"	"24015789"	"53.066"	"GDP (current US$)"	18827176530	1721
"MLT"	2022	96	TRUE	"Malta"	"European Region"	"High income"	"Middle East & North Africa"	"533982"	"4.994"	"GDP (current US$)"	18125564514	0
"MMR"	2022	75	TRUE	"Myanmar"	"South-East Asia Region"	"Lower middle income"	"East Asia & Pacific"	"54964694"	"67.53"	"GDP (current US$)"	62263466264	32
"MNE"	2022	33	TRUE	"Montenegro"	"European Region"	"Upper middle income"	"Europe & Central Asia"	"616369"	"31.159999999999997"	"GDP (current US$)"	6229801581	0
"MNG"	2022	94	TRUE	"Mongolia"	"Western Pacific Region"	"Lower middle income"	"East Asia & Pacific"	"3493629"	"30.736999999999995"	"GDP (current US$)"	17146471626	0
"MOZ"	2022	84	TRUE	"Mozambique"	"African Region"	"Low income"	"Sub-Saharan Africa"	"34858402"	"60.674"	"GDP (current US$)"	18406835955	1280
"MRT"	2022	72	TRUE	"Mauritania"	"African Region"	"Lower middle income"	"Sub-Saharan Africa"	"4993922"	"41.542"	"GDP (current US$)"	9780863579	475
"MUS"	2022	98	TRUE	"Mauritius"	"African Region"	"Upper middle income"	"Sub-Saharan Africa"	"1265199"	"59.056"	"GDP (current US$)"	12948726654	0
"MWI"	2022	82	TRUE	"Malawi"	"African Region"	"Low income"	"Sub-Saharan Africa"	"21475962"	"81.402"	"GDP (current US$)"	13164667627	189
"MYS"	2022	96	TRUE	"Malaysia"	"Western Pacific Region"	"Upper middle income"	"East Asia & Pacific"	"34671895"	"20.799000000000007"	"GDP (current US$)"	4.07027e+11	2318
"NAM"	2022	91	TRUE	"Namibia"	"African Region"	"Upper middle income"	"Sub-Saharan Africa"	"2645805"	"44.205"	"GDP (current US$)"	12914932656	88
"NER"	2022	65	TRUE	"Niger"	"African Region"	"Low income"	"Sub-Saharan Africa"	"28238972"	"82.768"	"GDP (current US$)"	15342278919	1853
"NGA"	2022	60	TRUE	"Nigeria"	"African Region"	"Lower middle income"	"Sub-Saharan Africa"	"229152217"	"44.97"	"GDP (current US$)"	4.72625e+11	33586
"NIC"	2022	93	TRUE	"Nicaragua"	"Region of the Americas"	"Lower middle income"	"Latin America & Caribbean"	"7142529"	"39.845"	"GDP (current US$)"	15671583940	0
"NIU"	2022	99	TRUE	"Niue"	"Western Pacific Region"	NA	NA	NA	NA	NA	NA	0
"NLD"	2022	89	TRUE	"Netherlands"	"European Region"	"High income"	"Europe & Central Asia"	"17793202"	"6.546999999999997"	"GDP (current US$)"	1.0094e+12	13
"NOR"	2022	96	TRUE	"Norway"	"European Region"	"High income"	"Europe & Central Asia"	"5534431"	"15.682000000000002"	"GDP (current US$)"	5.93349e+11	3
"NPL"	2022	90	TRUE	"Nepal"	"South-East Asia Region"	"Lower middle income"	"South Asia"	"31240315"	"77.634"	"GDP (current US$)"	40828247304	1201
"NRU"	2022	98	TRUE	"Nauru"	"Western Pacific Region"	"High income"	"East Asia & Pacific"	"12884"	"0"	"GDP (current US$)"	151647846.1	0
"NZL"	2022	90	TRUE	"New Zealand"	"Western Pacific Region"	"High income"	"East Asia & Pacific"	"5202830"	"12.909000000000006"	"GDP (current US$)"	2.48102e+11	14
"OMN"	2022	97	TRUE	"Oman"	"Eastern Mediterranean Region"	"High income"	"Middle East & North Africa"	"4713553"	"11.001999999999995"	"GDP (current US$)"	1.14667e+11	32
"PAK"	2022	82	TRUE	"Pakistan"	"Eastern Mediterranean Region"	"Lower middle income"	"South Asia"	"245209815"	"61.635"	"GDP (current US$)"	3.74697e+11	25472
"PAN"	2022	92	TRUE	"Panama"	"Region of the Americas"	"High income"	"Latin America & Caribbean"	"4527961"	"30.111999999999995"	"GDP (current US$)"	76522511800	0
"PER"	2022	74	TRUE	"Peru"	"Region of the Americas"	"Upper middle income"	"Latin America & Caribbean"	"34683444"	"20.861000000000004"	"GDP (current US$)"	2.42632e+11	2
"PHL"	2022	69	TRUE	"Philippines"	"Western Pacific Region"	"Lower middle income"	"East Asia & Pacific"	"119106224"	"51.386"	"GDP (current US$)"	4.04284e+11	3021
"PLW"	2022	96	TRUE	"Palau"	"Western Pacific Region"	"Upper middle income"	"East Asia & Pacific"	"18051"	"17.161"	"GDP (current US$)"	NA	0
"PNG"	2022	44	TRUE	"Papua New Guinea"	"Western Pacific Region"	"Lower middle income"	"East Asia & Pacific"	"10515788"	"86.12"	"GDP (current US$)"	31603619042	10
"POL"	2022	71	TRUE	"Poland"	"European Region"	"High income"	"Europe & Central Asia"	"35151336"	"39.67"	"GDP (current US$)"	6.88125e+11	70
"PRK"	2022	0	TRUE	"North Korea"	"South-East Asia Region"	"Low income"	"East Asia & Pacific"	"26244582"	"36.497"	"GDP (current US$)"	NA	0
"PRT"	2022	98	TRUE	"Portugal"	"European Region"	"High income"	"Europe & Central Asia"	"10355641"	"31.576999999999998"	"GDP (current US$)"	2.55197e+11	4
"PRY"	2022	54	TRUE	"Paraguay"	"Region of the Americas"	"Upper middle income"	"Latin America & Caribbean"	"6947270"	"36.511"	"GDP (current US$)"	41722295229	1
"PSE"	2022	97	TRUE	NA	NA	NA	NA	NA	NA	"GDP (current US$)"	19111900000	NA
"QAT"	2022	99	TRUE	"Qatar"	"Eastern Mediterranean Region"	"High income"	"Middle East & North Africa"	"2737061"	"0.61299999999999955"	"GDP (current US$)"	2.36258e+11	138
"ROU"	2022	83	TRUE	"Romania"	"European Region"	"High income"	"Europe & Central Asia"	"18482144"	"45.12"	"GDP (current US$)"	3.00691e+11	3766
"RUS"	2022	97	TRUE	"Russia"	"European Region"	"Upper middle income"	"Europe & Central Asia"	"143249792"	"24.451999999999998"	"GDP (current US$)"	2.24042e+12	14390
"RWA"	2022	96	TRUE	"Rwanda"	"African Region"	"Low income"	"Sub-Saharan Africa"	"14414910"	"81.919"	"GDP (current US$)"	13311487445	51
"SAU"	2022	98	TRUE	"Saudi Arabia"	"Eastern Mediterranean Region"	"High income"	"Middle East & North Africa"	"37473929"	"14.828999999999994"	"GDP (current US$)"	1.10857e+12	2335
"SDN"	2022	81	TRUE	"Sudan"	"Eastern Mediterranean Region"	"Low income"	"Sub-Saharan Africa"	"49358228"	"63.248"	"GDP (current US$)"	51662241775	5818
"SEN"	2022	80	TRUE	"Senegal"	"African Region"	"Lower middle income"	"Sub-Saharan Africa"	"18221567"	"49.92"	"GDP (current US$)"	27684264748	1273
"SGP"	2022	96	TRUE	"Singapore"	"Western Pacific Region"	"High income"	"East Asia & Pacific"	"5709813"	"0"	"GDP (current US$)"	4.66788e+11	18
"SLB"	2022	90	TRUE	"Solomon Islands"	"Western Pacific Region"	"Lower middle income"	"East Asia & Pacific"	"756673"	"73.512"	"GDP (current US$)"	1597204341	0
"SLE"	2022	90	TRUE	"Sierra Leone"	"African Region"	"Low income"	"Sub-Saharan Africa"	"8977972"	"55.221"	"GDP (current US$)"	4094563859	288
"SLV"	2022	65	TRUE	"El Salvador"	"Region of the Americas"	"Upper middle income"	"Latin America & Caribbean"	"6396289"	"24.004000000000005"	"GDP (current US$)"	32488720000	0
"SMR"	2022	91	TRUE	"San Marino"	"European Region"	"High income"	"Europe & Central Asia"	"33614"	"2.0679999999999978"	"GDP (current US$)"	NA	0
"SOM"	2022	46	TRUE	"Somalia"	"Eastern Mediterranean Region"	"Low income"	"Sub-Saharan Africa"	"18706922"	"51.481"	"GDP (current US$)"	10419541202	19142
"SRB"	2022	81	TRUE	"Serbia"	"European Region"	"Upper middle income"	"Europe & Central Asia"	"6566006"	"42.629"	"GDP (current US$)"	63563401044	52
"SSD"	2022	72	TRUE	"South Sudan"	"African Region"	"Low income"	"Sub-Saharan Africa"	"11277092"	"78.44"	"GDP (current US$)"	NA	2355
"STP"	2022	77	TRUE	"Sao Tome and Principe"	"African Region"	"Lower middle income"	"Sub-Saharan Africa"	"236381"	"22.986000000000004"	"GDP (current US$)"	542686976.5	0
"SUR"	2022	74	TRUE	"Suriname"	"Region of the Americas"	"Upper middle income"	"Latin America & Caribbean"	"628785"	"33.467"	"GDP (current US$)"	3620987993	0
"SVK"	2022	95	TRUE	"Slovakia"	"European Region"	"High income"	"Europe & Central Asia"	"5237360"	"45.828"	"GDP (current US$)"	1.15462e+11	6
"SVN"	2022	96	TRUE	"Slovenia"	"European Region"	"High income"	"Europe & Central Asia"	"2109952"	"43.562"	"GDP (current US$)"	60063475466	0
"SWE"	2022	92	TRUE	"Sweden"	"European Region"	"High income"	"Europe & Central Asia"	"10600615"	"11.024000000000001"	"GDP (current US$)"	5.91718e+11	19
"SWZ"	2022	83	TRUE	"Eswatini"	"African Region"	"Lower middle income"	"Sub-Saharan Africa"	"1222075"	"74.987"	"GDP (current US$)"	4790922066	3
"SYC"	2022	98	TRUE	"Seychelles"	"African Region"	"High income"	"Sub-Saharan Africa"	"121327"	"40.758"	"GDP (current US$)"	1588438144	0
"SYR"	2022	41	TRUE	"Syria"	"Eastern Mediterranean Region"	"Low income"	"Middle East & North Africa"	"24348053"	"41.956"	"GDP (current US$)"	NA	983
"TCD"	2022	56	TRUE	"Chad"	"African Region"	"Low income"	"Sub-Saharan Africa"	"18847148"	"75.309"	"GDP (current US$)"	12704149840	2039
"TGO"	2022	71	TRUE	"Togo"	"African Region"	"Low income"	"Sub-Saharan Africa"	"9260864"	"54.936"	"GDP (current US$)"	8341225241	1283
"THA"	2022	96	TRUE	"Thailand"	"South-East Asia Region"	"Upper middle income"	"East Asia & Pacific"	"71885799"	"45.68"	"GDP (current US$)"	4.95423e+11	152
"TJK"	2022	98	TRUE	"Tajikistan"	"European Region"	"Lower middle income"	"Europe & Central Asia"	"10331513"	"71.477"	"GDP (current US$)"	10492123388	745
"TKM"	2022	98	TRUE	"Turkmenistan"	"European Region"	"Upper middle income"	"Europe & Central Asia"	"6598071"	"45.476"	"GDP (current US$)"	56542857143	0
"TLS"	2022	79	TRUE	"Timor-Leste"	"South-East Asia Region"	"Lower middle income"	"East Asia & Pacific"	"1379883"	"67.158"	"GDP (current US$)"	3204753000	102
"TON"	2022	99	TRUE	"Tonga"	"Western Pacific Region"	"Upper middle income"	"East Asia & Pacific"	"108683"	"76.789999999999992"	"GDP (current US$)"	NA	0
"TTO"	2022	92	TRUE	"Trinidad and Tobago"	"Region of the Americas"	"High income"	"Latin America & Caribbean"	"1538200"	"46.438"	"GDP (current US$)"	30053575132	0
"TUN"	2022	95	TRUE	"Tunisia"	"Eastern Mediterranean Region"	"Lower middle income"	"Middle East & North Africa"	"12564689"	"29.120000000000005"	"GDP (current US$)"	46303552449	31
"TUR"	2022	95	TRUE	"Turkey"	"European Region"	"Upper middle income"	"Europe & Central Asia"	"85858536"	"22.107"	"GDP (current US$)"	9.07118e+11	5110
"TUV"	2022	90	TRUE	"Tuvalu"	"Western Pacific Region"	"Upper middle income"	"East Asia & Pacific"	"11478"	"33.072"	"GDP (current US$)"	59065979.02	0
"TZA"	2022	86	TRUE	"Tanzania"	"African Region"	"Lower middle income"	"Sub-Saharan Africa"	"69419073"	"61.864"	"GDP (current US$)"	75732311666	1662
"UGA"	2022	90	TRUE	"Uganda"	"African Region"	"Low income"	"Sub-Saharan Africa"	"49924252"	"72.611"	"GDP (current US$)"	45567304608	601
"UKR"	2022	74	TRUE	"Ukraine"	"European Region"	"Lower middle income"	"Europe & Central Asia"	"40512184"	"29.715999999999994"	"GDP (current US$)"	1.60503e+11	85
"URY"	2022	96	TRUE	"Uruguay"	"Region of the Americas"	"High income"	"Latin America & Caribbean"	"3423316"	"4.1479999999999961"	"GDP (current US$)"	71177146197	0
"USA"	2022	92	TRUE	"USA"	"Region of the Americas"	"High income"	"North America"	"336721632"	"16.485"	"GDP (current US$)"	2.54397e+13	203
"UZB"	2022	99	TRUE	"Uzbekistan"	"European Region"	"Lower middle income"	"Europe & Central Asia"	"36714380"	"49.374"	"GDP (current US$)"	80391853887	1327
"VCT"	2022	96	TRUE	"Saint Vincent and the Grenadines"	"Region of the Americas"	"Upper middle income"	"Latin America & Caribbean"	"103683"	"45.275"	"GDP (current US$)"	948559259.3	0
"VEN"	2022	68	TRUE	"Venezuela"	"Region of the Americas"	"Upper middle income"	"Latin America & Caribbean"	"29395334"	"11.495000000000005"	"GDP (current US$)"	NA	0
"VNM"	2022	88	TRUE	"Vietnam"	"Western Pacific Region"	"Lower middle income"	"East Asia & Pacific"	"99497680"	"59.805"	"GDP (current US$)"	4.08802e+11	137
"VUT"	2022	70	TRUE	"Vanuatu"	"Western Pacific Region"	"Lower middle income"	"East Asia & Pacific"	"342325"	"73.853000000000009"	"GDP (current US$)"	1055811724	0
"WSM"	2022	82	TRUE	"Samoa"	"Western Pacific Region"	"Lower middle income"	"East Asia & Pacific"	"228966"	"82.58"	"GDP (current US$)"	832945205.6	0
"YEM"	2022	73	TRUE	"Yemen"	"Eastern Mediterranean Region"	"Low income"	"Middle East & North Africa"	"35219853"	"59.523"	"GDP (current US$)"	NA	69019
"ZAF"	2022	86	TRUE	"South Africa"	"African Region"	"Upper middle income"	"Sub-Saharan Africa"	"61020221"	"30.701999999999998"	"GDP (current US$)"	4.05271e+11	1156
"ZMB"	2022	90	TRUE	"Zambia"	"African Region"	"Lower middle income"	"Sub-Saharan Africa"	"21134695"	"53.086"	"GDP (current US$)"	29163782138	1420
"ZWE"	2022	90	TRUE	"Zimbabwe"	"African Region"	"Lower middle income"	"Sub-Saharan Africa"	"17020321"	"67.33"	"GDP (current US$)"	27366627153	5169
